,prediction_ID,anfis_binary_predictions,ann_binary_predictions,actual_values
0,1,1,0,
1,2,1,0,
2,3,1,0,
3,4,1,0,
4,5,1,0,
5,6,1,0,
6,7,1,0,
7,8,0,0,
8,9,0,0,
9,10,1,0,
10,11,1,0,
11,12,1,0,
12,13,1,0,
13,14,1,1,
14,15,1,0,
15,16,1,0,
16,17,0,0,
17,18,1,0,
18,19,1,1,
19,20,1,0,
20,21,1,0,
21,22,1,1,
22,23,0,0,
23,24,1,0,
24,25,1,0,
25,26,1,0,
26,27,1,0,
27,28,1,0,
28,29,0,0,
29,30,1,1,
30,31,0,0,
31,32,1,1,
32,33,1,0,
33,34,0,0,
34,35,0,0,
35,36,1,1,
36,37,0,0,
37,38,1,0,
38,39,0,0,
39,40,1,0,
40,41,1,1,
41,42,1,0,
42,43,1,0,
43,44,1,0,
44,45,1,0,
45,46,1,0,
46,47,0,0,
47,48,0,0,
48,49,1,0,
49,50,0,0,
50,51,1,1,
51,52,1,0,
52,53,1,0,
53,54,1,0,
54,55,1,0,
55,56,0,0,
56,57,1,0,
57,58,1,0,
58,59,1,0,
59,60,0,0,
60,61,0,0,
61,62,1,0,
62,63,1,0,
63,64,1,0,
64,65,0,0,
65,66,0,0,
66,67,1,0,
67,68,0,0,
68,69,1,1,
69,70,0,0,
70,71,1,0,
71,72,1,0,
72,73,1,1,
73,74,1,0,
74,75,1,0,
75,76,1,1,
76,77,1,0,
77,78,1,0,
78,79,0,0,
79,80,1,0,
80,81,1,0,
81,82,1,0,
82,83,0,0,
83,84,1,1,
84,85,0,0,
85,86,1,0,
86,87,1,0,
87,88,1,1,
88,89,0,1,
89,90,1,0,
90,91,1,0,
91,92,1,1,
92,93,1,1,
93,94,1,0,
94,95,0,0,
95,96,1,1,
96,97,1,1,
97,98,1,0,
98,99,0,0,
99,100,1,1,
100,101,1,1,
101,102,0,0,
102,103,1,1,
103,104,1,1,
104,105,1,1,
105,106,1,0,
106,107,1,1,
107,108,1,1,
108,109,1,1,
109,110,1,0,
110,111,1,1,
111,112,1,1,
112,113,1,0,
113,114,0,0,
114,115,1,0,
115,116,1,1,
116,117,0,0,
117,118,1,1,
118,119,1,1,
119,120,1,0,
120,121,1,1,
121,122,1,1,
122,123,1,1,
123,124,0,0,
124,125,1,1,
125,126,1,0,
126,127,1,0,
127,128,1,1,
128,129,0,0,
129,130,1,1,
130,131,0,0,
131,132,1,0,
132,133,0,0,
133,134,1,1,
134,135,1,1,
135,136,1,0,
136,137,1,1,
137,138,1,1,
138,139,1,1,
139,140,1,1,
140,141,1,1,
141,142,1,0,
142,143,1,1,
143,144,1,1,
144,145,1,1,
145,146,1,1,
146,147,0,1,
147,148,1,1,
148,149,1,1,
149,150,1,1,
150,151,1,1,
151,152,1,1,
152,153,1,0,
153,154,1,1,
154,155,1,1,
155,156,1,1,
156,157,1,1,
157,158,1,1,
158,159,1,1,
159,160,1,0,
160,161,1,1,
161,162,1,1,
162,163,1,1,
163,164,1,1,
164,165,1,1,
165,166,1,1,
166,167,1,1,
167,168,1,1,
168,169,0,0,
169,170,1,1,
170,171,1,1,
171,172,0,0,
172,173,1,1,
173,174,1,1,
174,175,1,0,
175,176,1,1,
176,177,1,1,
177,178,1,1,
178,179,1,0,
179,180,0,1,
180,181,1,1,
181,182,1,1,
182,183,1,1,
183,184,1,1,
184,185,0,0,
185,186,1,1,
186,187,1,1,
187,188,1,1,
188,189,1,1,
189,190,1,1,
190,191,1,1,
191,192,1,1,
192,193,1,1,
193,194,0,1,
194,195,1,1,
195,196,1,1,
196,197,1,1,
197,198,1,1,
198,199,0,1,
199,200,1,1,
200,201,1,1,
201,202,1,1,
202,203,1,1,
203,204,1,1,
204,205,1,1,
205,206,1,1,
206,207,1,1,
207,208,0,0,
208,209,1,1,
209,210,1,1,
210,211,1,1,
211,212,1,1,
212,213,1,1,
213,214,1,1,
214,215,1,1,
215,216,1,1,
216,217,1,1,
217,218,1,1,
218,219,1,1,
219,220,1,1,
220,221,1,1,
221,222,1,1,
222,223,1,1,
223,224,1,1,
224,225,1,1,
225,226,1,1,
226,227,1,1,
227,228,1,1,
228,229,1,1,
229,230,1,1,
230,231,1,1,
231,232,1,1,
232,233,1,1,
233,234,1,1,
234,235,1,1,
235,236,1,1,
236,237,1,1,
237,238,1,1,
238,239,1,1,
239,240,1,1,
240,241,0,1,
241,242,1,1,
242,243,1,1,
243,244,1,1,
244,245,1,1,
245,246,1,1,
246,247,1,1,
247,248,1,1,
248,249,1,1,
249,250,1,1,
250,251,0,1,
251,252,1,1,
252,253,1,1,
253,254,1,1,
254,255,0,0,
255,256,0,1,
256,257,0,1,
257,258,0,0,
258,259,1,1,
259,260,1,1,
260,261,1,1,
261,262,1,1,
262,263,1,1,
263,264,1,1,
264,265,1,1,
265,266,1,1,
266,267,1,1,
267,268,1,1,
268,269,1,1,
269,270,1,1,
270,271,1,1,
271,272,1,1,
272,273,1,1,
273,274,1,1,
274,275,1,1,
275,276,1,1,
276,277,1,1,
277,278,1,1,
278,279,1,1,
279,280,1,1,
280,281,1,1,
281,282,1,1,
282,283,1,1,
283,284,1,1,
284,285,0,0,
285,286,1,1,
286,287,1,1,
287,288,1,1,
288,289,1,1,
289,290,1,1,
290,291,1,1,
291,292,0,1,
292,293,1,1,
293,294,1,1,
294,295,1,1,
295,296,1,1,
296,297,1,1,
297,298,1,1,
298,299,1,1,
299,300,1,1,
300,301,1,1,
301,302,1,1,
302,303,1,1,
303,304,1,1,
304,305,1,1,
305,306,1,1,
306,307,1,1,
307,308,1,1,
308,309,1,1,
309,310,1,1,
310,311,0,0,
311,312,1,1,
312,313,1,1,
313,314,1,1,
314,315,1,1,
315,316,1,1,
316,317,1,1,
317,318,1,1,
318,319,0,0,
319,320,1,1,
320,321,1,1,
321,322,0,0,
322,323,1,1,
323,324,1,1,
324,325,1,1,
325,326,0,0,
326,327,1,1,
327,328,1,1,
328,329,1,1,
329,330,0,0,
330,331,0,0,
331,332,1,1,
332,333,1,1,
333,334,1,1,
334,335,1,1,
335,336,0,0,
336,337,1,1,
337,338,1,1,
338,339,1,1,
339,340,1,1,
340,341,1,1,
341,342,1,1,
342,343,1,1,
343,344,1,1,
344,345,1,1,
345,346,1,1,
346,347,1,1,
347,348,1,1,
348,349,1,1,
349,350,1,1,
350,351,1,1,
351,352,1,1,
352,353,1,1,
353,354,1,1,
354,355,1,1,
355,356,1,1,
356,357,1,1,
357,358,1,1,
358,359,1,1,
359,360,1,1,
360,361,1,1,
361,362,1,1,
362,363,1,1,
363,364,0,0,
364,365,1,1,
365,366,1,1,
366,367,1,1,
367,368,1,1,
368,369,1,1,
369,370,1,0,
370,371,1,1,
371,372,1,1,
372,373,1,1,
373,374,1,1,
374,375,1,1,
375,376,1,1,
376,377,1,1,
377,378,1,1,
378,379,1,1,
379,380,1,1,
380,381,1,1,
381,382,1,1,
382,383,1,1,
383,384,1,1,
384,385,1,1,
385,386,1,1,
386,387,1,1,
387,388,1,1,
388,389,1,1,
389,390,1,1,
390,391,1,1,
391,392,1,1,
392,393,1,1,
393,394,1,1,
394,395,1,1,
395,396,1,0,
396,397,1,1,
397,398,1,0,
398,399,1,1,
399,400,1,1,
